{
  "description": "Failure rate vs common-mode fraction at three per-op fault rates spanning a 4x range, to address sensitivity to the Quinn et al. estimate",
  "grids": {
    "0.0005": [
      {
        "common_mode_fraction": 0.0,
        "n_trials": 3000,
        "sheaf_failure_rate": 0.0,
        "tmr_failure_rate": 0.0,
        "secded_failure_rate": 0.014333333333333333,
        "none_failure_rate": 0.06133333333333333,
        "sheaf_ci": [
          0.0,
          0.0012788487253259629
        ],
        "tmr_ci": [
          0.0,
          0.0012788487253259629
        ],
        "secded_ci": [
          0.01065870981448653,
          0.019250145247380092
        ],
        "none_ci": [
          0.05329548344499248,
          0.07049315983669349
        ]
      },
      {
        "common_mode_fraction": 0.025,
        "n_trials": 3000,
        "sheaf_failure_rate": 0.0,
        "tmr_failure_rate": 0.0013333333333333333,
        "secded_failure_rate": 0.016,
        "none_failure_rate": 0.052333333333333336,
        "sheaf_ci": [
          0.0,
          0.0012788487253259629
        ],
        "tmr_ci": [
          0.0005186256496617009,
          0.0034234794790633924
        ],
        "secded_ci": [
          0.012089359129497938,
          0.0211485664366176
        ],
        "none_ci": [
          0.04492136585872146,
          0.0608902967000204
        ]
      },
      {
        "common_mode_fraction": 0.05,
        "n_trials": 3000,
        "sheaf_failure_rate": 0.0,
        "tmr_failure_rate": 0.004666666666666667,
        "secded_failure_rate": 0.015666666666666666,
        "none_failure_rate": 0.058,
        "sheaf_ci": [
          0.0,
          0.0012788487253259629
        ],
        "tmr_ci": [
          0.0027819139335313083,
          0.007818332203691613
        ],
        "secded_ci": [
          0.011802189856305195,
          0.020769921608960556
        ],
        "none_ci": [
          0.05018726284558232,
          0.06694323942760584
        ]
      },
      {
        "common_mode_fraction": 0.1,
        "n_trials": 3000,
        "sheaf_failure_rate": 0.0,
        "tmr_failure_rate": 0.008,
        "secded_failure_rate": 0.017666666666666667,
        "none_failure_rate": 0.06233333333333333,
        "sheaf_ci": [
          0.0,
          0.0012788487253259629
        ],
        "tmr_ci": [
          0.005381913474637302,
          0.011876473671083446
        ],
        "secded_ci": [
          0.013532252704955044,
          0.023034743365409404
        ],
        "none_ci": [
          0.0542293667315876,
          0.07155671885264772
        ]
      },
      {
        "common_mode_fraction": 0.2,
        "n_trials": 3000,
        "sheaf_failure_rate": 0.0,
        "tmr_failure_rate": 0.014666666666666666,
        "secded_failure_rate": 0.016,
        "none_failure_rate": 0.06433333333333334,
        "sheaf_ci": [
          0.0,
          0.0012788487253259629
        ],
        "tmr_ci": [
          0.010943766686006835,
          0.019630902476709566
        ],
        "secded_ci": [
          0.012089359129497938,
          0.0211485664366176
        ],
        "none_ci": [
          0.05609900349433693,
          0.07368196669499709
        ]
      },
      {
        "common_mode_fraction": 0.3,
        "n_trials": 3000,
        "sheaf_failure_rate": 0.0,
        "tmr_failure_rate": 0.02033333333333333,
        "secded_failure_rate": 0.016,
        "none_failure_rate": 0.059333333333333335,
        "sheaf_ci": [
          0.0,
          0.0012788487253259629
        ],
        "tmr_ci": [
          0.01586238525779264,
          0.026031123619370065
        ],
        "secded_ci": [
          0.012089359129497938,
          0.0211485664366176
        ],
        "none_ci": [
          0.05142965866607647,
          0.06836410001051083
        ]
      },
      {
        "common_mode_fraction": 0.5,
        "n_trials": 3000,
        "sheaf_failure_rate": 0.0,
        "tmr_failure_rate": 0.026,
        "secded_failure_rate": 0.014,
        "none_failure_rate": 0.053,
        "sheaf_ci": [
          0.0,
          0.0012788487253259629
        ],
        "tmr_ci": [
          0.02088314953637451,
          0.0323291990552345
        ],
        "secded_ci": [
          0.010374225398683868,
          0.01886881556233297
        ],
        "none_ci": [
          0.04553961731667641,
          0.061603673443764995
        ]
      },
      {
        "common_mode_fraction": 0.75,
        "n_trials": 3000,
        "sheaf_failure_rate": 0.0,
        "tmr_failure_rate": 0.052,
        "secded_failure_rate": 0.019333333333333334,
        "none_failure_rate": 0.06466666666666666,
        "sheaf_ci": [
          0.0,
          0.0012788487253259629
        ],
        "tmr_ci": [
          0.044612373435453025,
          0.06053347502243903
        ],
        "secded_ci": [
          0.014985749590420355,
          0.02491031698419301
        ],
        "none_ci": [
          0.05641084618405623,
          0.07403593810612755
        ]
      },
      {
        "common_mode_fraction": 1.0,
        "n_trials": 3000,
        "sheaf_failure_rate": 0.0,
        "tmr_failure_rate": 0.057666666666666665,
        "secded_failure_rate": 0.01633333333333333,
        "none_failure_rate": 0.057666666666666665,
        "sheaf_ci": [
          0.0,
          0.0012788487253259629
        ],
        "tmr_ci": [
          0.04987685524861582,
          0.06658783292372254
        ],
        "secded_ci": [
          0.012377016667028243,
          0.02152672299993707
        ],
        "none_ci": [
          0.04987685524861582,
          0.06658783292372254
        ]
      }
    ],
    "0.001": [
      {
        "common_mode_fraction": 0.0,
        "n_trials": 3000,
        "sheaf_failure_rate": 0.0,
        "tmr_failure_rate": 0.0,
        "secded_failure_rate": 0.028,
        "none_failure_rate": 0.10866666666666666,
        "sheaf_ci": [
          0.0,
          0.0012788487253259629
        ],
        "tmr_ci": [
          0.0,
          0.0012788487253259629
        ],
        "secded_ci": [
          0.022673228760591496,
          0.03453400443611621
        ],
        "none_ci": [
          0.09802632074886564,
          0.12030792485348946
        ]
      },
      {
        "common_mode_fraction": 0.025,
        "n_trials": 3000,
        "sheaf_failure_rate": 0.0,
        "tmr_failure_rate": 0.0023333333333333335,
        "secded_failure_rate": 0.03133333333333333,
        "none_failure_rate": 0.11733333333333333,
        "sheaf_ci": [
          0.0,
          0.0012788487253259629
        ],
        "tmr_ci": [
          0.0011307320906370835,
          0.004808815340637359
        ],
        "secded_ci": [
          0.025673751644026778,
          0.03819162256117876
        ],
        "none_ci": [
          0.10630380785794563,
          0.12934160436650383
        ]
      },
      {
        "common_mode_fraction": 0.05,
        "n_trials": 3000,
        "sheaf_failure_rate": 0.0,
        "tmr_failure_rate": 0.009333333333333334,
        "secded_failure_rate": 0.029,
        "none_failure_rate": 0.11466666666666667,
        "sheaf_ci": [
          0.0,
          0.0012788487253259629
        ],
        "tmr_ci": [
          0.0064653588228406,
          0.01345628472627928
        ],
        "secded_ci": [
          0.023571258905749824,
          0.035633416593507244
        ],
        "none_ci": [
          0.10375465754882172,
          0.1265642418688295
        ]
      },
      {
        "common_mode_fraction": 0.1,
        "n_trials": 3000,
        "sheaf_failure_rate": 0.0,
        "tmr_failure_rate": 0.011,
        "secded_failure_rate": 0.034,
        "none_failure_rate": 0.10566666666666667,
        "sheaf_ci": [
          0.0,
          0.0012788487253259629
        ],
        "tmr_ci": [
          0.007843338161892113,
          0.015407375891476678
        ],