{
  "description": "End-to-end failure rate as common-mode fraction varies, at fixed total per-operation fault rate of 0.001",
  "rows": [
    {
      "common_mode_fraction": 0.0,
      "n_trials": 5000,
      "sheaf_failure_rate": 0.0,
      "tmr_failure_rate": 0.0,
      "swift_failure_rate": 0.0,
      "secded_failure_rate": 0.0338,
      "none_failure_rate": 0.125,
      "sheaf_ci": [
        5.421010862427522e-20,
        0.0007677019450571243
      ],
      "tmr_ci": [
        5.421010862427522e-20,
        0.0007677019450571243
      ],
      "swift_ci": [
        5.421010862427522e-20,
        0.0007677019450571243
      ],
      "secded_ci": [
        0.02913800557240294,
        0.03917779972116832
      ],
      "none_ci": [
        0.11611999425786469,
        0.13445578220092816
      ]
    },
    {
      "common_mode_fraction": 0.01,
      "n_trials": 5000,
      "sheaf_failure_rate": 0.0,
      "tmr_failure_rate": 0.001,
      "swift_failure_rate": 0.001,
      "secded_failure_rate": 0.0258,
      "none_failure_rate": 0.1094,
      "sheaf_ci": [
        5.421010862427522e-20,
        0.0007677019450571243
      ],
      "tmr_ci": [
        0.00042721349110879964,
        0.002338953050058211
      ],
      "swift_ci": [
        0.00042721349110879964,
        0.002338953050058211
      ],
      "secded_ci": [
        0.021756298207420387,
        0.030571790317271794
      ],
      "none_ci": [
        0.10104605723003104,
        0.11835367152944759
      ]
    },
    {
      "common_mode_fraction": 0.02,
      "n_trials": 5000,
      "sheaf_failure_rate": 0.0,
      "tmr_failure_rate": 0.0014,
      "swift_failure_rate": 0.0014,
      "secded_failure_rate": 0.0284,
      "none_failure_rate": 0.1086,
      "sheaf_ci": [
        5.421010862427522e-20,
        0.0007677019450571243
      ],
      "tmr_ci": [
        0.0006783326019524562,
        0.0028872197776585087
      ],
      "swift_ci": [
        0.0006783326019524562,
        0.0028872197776585087
      ],
      "secded_ci": [
        0.024145272686653944,
        0.03337882378792394
      ],
      "none_ci": [
        0.10027444396247198,
        0.11752651312011875
      ]
    },
    {
      "common_mode_fraction": 0.05,
      "n_trials": 5000,
      "sheaf_failure_rate": 0.0,
      "tmr_failure_rate": 0.007,
      "swift_failure_rate": 0.007,
      "secded_failure_rate": 0.0276,
      "none_failure_rate": 0.1112,
      "sheaf_ci": [
        5.421010862427522e-20,
        0.0007677019450571243
      ],
      "tmr_ci": [
        0.005037635094103144,
        0.009719319023723182
      ],
      "swift_ci": [
        0.005037635094103144,
        0.009719319023723182
      ],
      "secded_ci": [
        0.02340906019120257,
        0.032516264606487405
      ],
      "none_ci": [
        0.1027827165852735,
        0.1202142484472029
      ]
    },
    {
      "common_mode_fraction": 0.1,
      "n_trials": 5000,
      "sheaf_failure_rate": 0.0,
      "tmr_failure_rate": 0.0122,
      "swift_failure_rate": 0.0122,
      "secded_failure_rate": 0.0242,
      "none_failure_rate": 0.1078,
      "sheaf_ci": [
        5.421010862427522e-20,
        0.0007677019450571243
      ],
      "tmr_ci": [
        0.009509858115682888,
        0.015639111901914846
      ],
      "swift_ci": [
        0.009509858115682888,
        0.015639111901914846
      ],
      "secded_ci": [
        0.02029184139202983,
        0.028838703778886532
      ],
      "none_ci": [
        0.09950297750115339,
        0.11669920790454943
      ]
    },
    {
      "common_mode_fraction": 0.25,
      "n_trials": 5000,
      "sheaf_failure_rate": 0.0,
      "tmr_failure_rate": 0.028,
      "swift_failure_rate": 0.028,
      "secded_failure_rate": 0.033,
      "none_failure_rate": 0.1202,
      "sheaf_ci": [
        5.421010862427522e-20,
        0.0007677019450571243
      ],
      "tmr_ci": [
        0.023777044258476123,
        0.03294766637765781
      ],
      "swift_ci": [
        0.023777044258476123,
        0.03294766637765781
      ],
      "secded_ci": [
        0.028395990126238967,
        0.0383210434904444
      ],
      "none_ci": [
        0.11147653019740307,
        0.12950661620006235
      ]
    },
    {
      "common_mode_fraction": 0.5,
      "n_trials": 5000,
      "sheaf_failure_rate": 0.0,
      "tmr_failure_rate": 0.0578,
      "swift_failure_rate": 0.0578,
      "secded_failure_rate": 0.025,
      "none_failure_rate": 0.107,
      "sheaf_ci": [
        5.421010862427522e-20,
        0.0007677019450571243
      ],
      "tmr_ci": [
        0.05166463044785411,
        0.06461432515235441
      ],
      "swift_ci": [
        0.05166463044785411,
        0.06461432515235441
      ],
      "secded_ci": [
        0.021023493755648905,
        0.02970582309215537
      ],
      "none_ci": [
        0.09873165928086487,
        0.11587175444795002
      ]
    },
    {
      "common_mode_fraction": 0.75,
      "n_trials": 5000,
      "sheaf_failure_rate": 0.0,
      "tmr_failure_rate": 0.086,
      "swift_failure_rate": 0.086,
      "secded_failure_rate": 0.0318,
      "none_failure_rate": 0.1098,
      "sheaf_ci": [
        5.421010862427522e-20,
        0.0007677019450571243
      ],
      "tmr_ci": [
        0.07854316084954936,
        0.09409249636095791
      ],
      "swift_ci": [
        0.07854316084954936,
        0.09409249636095791
      ],
      "secded_ci": [
        0.027284421471199274,
        0.03703445463015224
      ],
      "none_ci": [
        0.10143191847486699,
        0.11876719612305559
      ]
    },
    {
      "common_mode_fraction": 1.0,
      "n_trials": 5000,
      "sheaf_failure_rate": 0.0,
      "tmr_failure_rate": 0.1134,
      "swift_failure_rate": 0.1134,
      "secded_failure_rate": 0.03,
      "none_failure_rate": 0.1134,
      "sheaf_ci": [
        5.421010862427522e-20,
        0.0007677019450571243
      ],
      "tmr_ci": [
        0.10490627721799813,
        0.12248730992592007
      ],
      "swift_ci": [
        0.10490627721799813,
        0.12248730992592007
      ],
      "secded_ci": [
        0.025620533254951595,
        0.035101106573402104
      ],
      "none_ci": [
        0.10490627721799813,
        0.12248730992592007
      ]
    }
  ]
}