{
  "description": "Sheaf detection vs bit-width of fault, per frontend",
  "rows": [
    {
      "frontend": "linear",
      "by_bitwidth": {
        "1": {
          "n": 500,
          "det": 500,
          "detection_rate": 1.0,
          "ci": [
            0.9923756595384479,
            1.0
          ]
        },
        "2": {
          "n": 500,
          "det": 500,
          "detection_rate": 1.0,
          "ci": [
            0.9923756595384479,
            1.0
          ]
        },
        "3": {
          "n": 500,
          "det": 500,
          "detection_rate": 1.0,
          "ci": [
            0.9923756595384479,
            1.0
          ]
        },
        "4": {
          "n": 500,
          "det": 500,
          "detection_rate": 1.0,
          "ci": [
            0.9923756595384479,
            1.0
          ]
        },
        "5": {
          "n": 500,
          "det": 500,
          "detection_rate": 1.0,
          "ci": [
            0.9923756595384479,
            1.0
          ]
        },
        "6": {
          "n": 500,
          "det": 500,
          "detection_rate": 1.0,
          "ci": [
            0.9923756595384479,
            1.0
          ]
        },
        "7": {
          "n": 500,
          "det": 500,
          "detection_rate": 1.0,
          "ci": [
            0.9923756595384479,
            1.0
          ]
        },
        "8": {
          "n": 500,
          "det": 500,
          "detection_rate": 1.0,
          "ci": [
            0.9923756595384479,
            1.0
          ]
        }
      }
    },
    {
      "frontend": "polynomial",
      "by_bitwidth": {
        "1": {
          "n": 500,
          "det": 500,
          "detection_rate": 1.0,
          "ci": [
            0.9923756595384479,
            1.0
          ]
        },
        "2": {
          "n": 500,
          "det": 500,
          "detection_rate": 1.0,
          "ci": [
            0.9923756595384479,
            1.0
          ]
        },
        "3": {
          "n": 500,
          "det": 500,
          "detection_rate": 1.0,
          "ci": [
            0.9923756595384479,
            1.0
          ]
        },
        "4": {
          "n": 500,
          "det": 500,
          "detection_rate": 1.0,
          "ci": [
            0.9923756595384479,
            1.0
          ]
        },
        "5": {
          "n": 500,
          "det": 500,
          "detection_rate": 1.0,
          "ci": [
            0.9923756595384479,
            1.0
          ]
        },
        "6": {
          "n": 500,
          "det": 500,
          "detection_rate": 1.0,
          "ci": [
            0.9923756595384479,
            1.0
          ]
        },
        "7": {
          "n": 500,
          "det": 500,
          "detection_rate": 1.0,
          "ci": [
            0.9923756595384479,
            1.0
          ]
        },
        "8": {
          "n": 500,
          "det": 500,
          "detection_rate": 1.0,
          "ci": [
            0.9923756595384479,
            1.0
          ]
        }
      }
    },
    {
      "frontend": "piecewise_linear",
      "by_bitwidth": {
        "1": {
          "n": 500,
          "det": 500,
          "detection_rate": 1.0,
          "ci": [
            0.9923756595384479,
            1.0
          ]
        },
        "2": {
          "n": 500,
          "det": 500,
          "detection_rate": 1.0,
          "ci": [
            0.9923756595384479,
            1.0
          ]
        },
        "3": {
          "n": 500,
          "det": 500,
          "detection_rate": 1.0,
          "ci": [
            0.9923756595384479,
            1.0
          ]
        },
        "4": {
          "n": 500,
          "det": 500,
          "detection_rate": 1.0,
          "ci": [
            0.9923756595384479,
            1.0
          ]
        },
        "5": {
          "n": 500,
          "det": 500,
          "detection_rate": 1.0,
          "ci": [
            0.9923756595384479,
            1.0
          ]
        },
        "6": {
          "n": 500,
          "det": 500,
          "detection_rate": 1.0,
          "ci": [
            0.9923756595384479,
            1.0
          ]
        },
        "7": {
          "n": 500,
          "det": 500,
          "detection_rate": 1.0,
          "ci": [
            0.9923756595384479,
            1.0
          ]
        },
        "8": {
          "n": 500,
          "det": 500,
          "detection_rate": 1.0,
          "ci": [
            0.9923756595384479,
            1.0
          ]
        }
      }
    },
    {
      "frontend": "neural_net",
      "by_bitwidth": {
        "1": {
          "n": 500,
          "det": 500,
          "detection_rate": 1.0,
          "ci": [
            0.9923756595384479,
            1.0
          ]
        },
        "2": {
          "n": 500,
          "det": 500,
          "detection_rate": 1.0,
          "ci": [
            0.9923756595384479,
            1.0
          ]
        },
        "3": {
          "n": 500,
          "det": 500,
          "detection_rate": 1.0,
          "ci": [
            0.9923756595384479,
            1.0
          ]
        },
        "4": {
          "n": 500,
          "det": 500,
          "detection_rate": 1.0,
          "ci": [
            0.9923756595384479,
            1.0
          ]
        },
        "5": {
          "n": 500,
          "det": 500,
          "detection_rate": 1.0,
          "ci": [
            0.9923756595384479,
            1.0
          ]
        },
        "6": {
          "n": 500,
          "det": 500,
          "detection_rate": 1.0,
          "ci": [
            0.9923756595384479,
            1.0
          ]
        },
        "7": {
          "n": 500,
          "det": 500,
          "detection_rate": 1.0,
          "ci": [
            0.9923756595384479,
            1.0
          ]
        },
        "8": {
          "n": 500,
          "det": 500,
          "detection_rate": 1.0,
          "ci": [
            0.9923756595384479,
            1.0
          ]
        }
      }
    },
    {
      "frontend": "statistical",
      "by_bitwidth": {
        "1": {
          "n": 500,
          "det": 407,
          "detection_rate": 0.814,
          "ci": [
            0.7775459059402153,
            0.8456660082499298
          ]
        },
        "2": {
          "n": 500,
          "det": 439,
          "detection_rate": 0.878,
          "ci": [
            0.8463952769261602,
            0.9038407216849063
          ]
        },
        "3": {
          "n": 500,
          "det": 484,
          "detection_rate": 0.968,
          "ci": [
            0.9486551309545582,
            0.9802084863734289
          ]
        },
        "4": {
          "n": 500,
          "det": 486,
          "detection_rate": 0.972,
          "ci": [
            0.9535535973250512,
            0.9832490252792435
          ]
        },
        "5": {
          "n": 500,
          "det": 495,
          "detection_rate": 0.99,
          "ci": [
            0.9768069002442693,
            0.9957212461034096
          ]
        },
        "6": {
          "n": 500,
          "det": 498,
          "detection_rate": 0.996,
          "ci": [
            0.9855342847848231,
            0.9989023694773173
          ]
        },
        "7": {
          "n": 500,
          "det": 498,
          "detection_rate": 0.996,
          "ci": [
            0.9855342847848231,
            0.9989023694773173
          ]
        },
        "8": {
          "n": 500,
          "det": 500,
          "detection_rate": 1.0,
          "ci": [
            0.9923756595384479,
            1.0
          ]
        }
      }
    },
    {
      "frontend": "nonlinear",
      "by_bitwidth": {
        "1": {
          "n": 500,
          "det": 500,
          "detection_rate": 1.0,
          "ci": [
            0.9923756595384479,
            1.0
          ]
        },