{
  "description": "LDPC separation: sheaf code vs binary LDPC on same Tanner graph, four fault classes",
  "graph": "cycle-10",
  "k_v": 4,
  "k_e": 2,
  "H_shape": [
    20,
    40
  ],
  "H_nnz": 160,
  "n_trials_per_class": 2000,
  "results": [
    {
      "class": "A",
      "n": 1521,
      "sheaf_det": 1496,
      "ldpc_xor_det": 1510,
      "ldpc_plane_det": 1521,
      "sheaf_rate": 0.9835634451019066,
      "ldpc_xor_rate": 0.9927679158448389,
      "ldpc_plane_rate": 1.0,
      "sheaf_ci": [
        0.9758482075543408,
        0.9888422469783326
      ],
      "ldpc_xor_ci": [
        0.9870960737357187,
        0.9959569455331304
      ],
      "ldpc_plane_ci": [
        0.997480748704416,
        0.9999999999999999
      ]
    },
    {
      "class": "B",
      "n": 1808,
      "sheaf_det": 1792,
      "ldpc_xor_det": 0,
      "ldpc_plane_det": 1808,
      "sheaf_rate": 0.9911504424778761,
      "ldpc_xor_rate": 0.0,
      "ldpc_plane_rate": 1.0,
      "sheaf_ci": [
        0.9856727651422635,
        0.9945454495110081
      ],
      "ldpc_xor_ci": [
        0.0,
        0.002120195893516249
      ],
      "ldpc_plane_ci": [
        0.9978798041064838,
        1.0
      ]
    },
    {
      "class": "C",
      "n": 2000,
      "sheaf_det": 2000,
      "ldpc_xor_det": 0,
      "ldpc_plane_det": 0,
      "sheaf_rate": 1.0,
      "ldpc_xor_rate": 0.0,
      "ldpc_plane_rate": 0.0,
      "sheaf_ci": [
        0.9980829527187469,
        0.9999999999999998
      ],
      "ldpc_xor_ci": [
        1.0842021724855044e-19,
        0.001917047281252934
      ],
      "ldpc_plane_ci": [
        1.0842021724855044e-19,
        0.001917047281252934
      ]
    },
    {
      "class": "D",
      "n": 2000,
      "sheaf_det": 2000,
      "ldpc_xor_det": 2000,
      "ldpc_plane_det": 2000,
      "sheaf_rate": 1.0,
      "ldpc_xor_rate": 1.0,
      "ldpc_plane_rate": 1.0,
      "sheaf_ci": [
        0.9980829527187469,
        0.9999999999999998
      ],
      "ldpc_xor_ci": [
        0.9980829527187469,
        0.9999999999999998
      ],
      "ldpc_plane_ci": [
        0.9980829527187469,
        0.9999999999999998
      ]
    }
  ],
  "class_descriptions": {
    "A": "Single bit-flip in one scalar (LDPC design scope)",
    "B": "Two complementary bit-flips in one scalar (even XOR parity)",
    "C": "Swap two scalars within one vertex block",
    "D": "Sign-flip (one bit in IEEE 754)"
  }
}