{
  "description": "Runtime and memory footprint of the framework on the six implemented frontends. Measurements taken on an x86-64 Linux host using double precision; absolute timings on a radiation-hardened flight processor will differ.",
  "platform": "Linux-6.18.5-x86_64-with-glibc2.39",
  "processor": "x86_64",
  "numpy_version": "2.4.4",
  "results": [
    {
      "frontend": "linear",
      "n_rows": 120,
      "n_cols": 124,
      "nnz": 300,
      "density": 0.020161290322580645,
      "mem_H_dense_bytes": 119040,
      "mem_H_csr_bytes": 4084,
      "mem_b_offset_bytes": 960,
      "mem_x_clean_bytes": 992,
      "mem_framework_bytes": 6036,
      "mem_tmr_bytes": 2976,
      "mem_ratio_framework_to_tmr": 2.028225806451613,
      "t_syndrome_us": 6.411005000188652,
      "t_omp_k1_median_us": 140.23599999291037,
      "t_omp_k1_p95_us": 213.1628000029197,
      "t_omp_k5_median_us": 448.18350002628904,
      "t_omp_k5_p95_us": 624.01940000143
    },
    {
      "frontend": "polynomial",
      "n_rows": 330,
      "n_cols": 308,
      "nnz": 396,
      "density": 0.003896103896103896,
      "mem_H_dense_bytes": 813120,
      "mem_H_csr_bytes": 6076,
      "mem_b_offset_bytes": 2640,
      "mem_x_clean_bytes": 2464,
      "mem_framework_bytes": 11180,
      "mem_tmr_bytes": 7392,
      "mem_ratio_framework_to_tmr": 1.5124458874458875,
      "t_syndrome_us": 6.31723500021053,
      "t_omp_k1_median_us": 363.7395000453125,
      "t_omp_k1_p95_us": 1035.7603000017023,
      "t_omp_k5_median_us": 881.4679999886721,
      "t_omp_k5_p95_us": 1003.0801000169731
    },
    {
      "frontend": "piecewise_linear",
      "n_rows": 30,
      "n_cols": 31,
      "nnz": 60,
      "density": 0.06451612903225806,
      "mem_H_dense_bytes": 7440,
      "mem_H_csr_bytes": 844,
      "mem_b_offset_bytes": 240,
      "mem_x_clean_bytes": 248,
      "mem_framework_bytes": 1332,
      "mem_tmr_bytes": 744,
      "mem_ratio_framework_to_tmr": 1.7903225806451613,
      "t_syndrome_us": 4.863364999891928,
      "t_omp_k1_median_us": 105.05749997946623,
      "t_omp_k1_p95_us": 211.6128000096751,
      "t_omp_k5_median_us": 373.88399999827016,
      "t_omp_k5_p95_us": 746.604649998517
    },
    {
      "frontend": "neural_net",
      "n_rows": 36,
      "n_cols": 40,
      "nnz": 157,
      "density": 0.10902777777777778,
      "mem_H_dense_bytes": 11520,
      "mem_H_csr_bytes": 2032,
      "mem_b_offset_bytes": 288,
      "mem_x_clean_bytes": 320,
      "mem_framework_bytes": 2640,
      "mem_tmr_bytes": 960,
      "mem_ratio_framework_to_tmr": 2.75,
      "t_syndrome_us": 5.176865000180442,
      "t_omp_k1_median_us": 109.02200000373341,
      "t_omp_k1_p95_us": 210.49780001192178,
      "t_omp_k5_median_us": 371.98249998482424,
      "t_omp_k5_p95_us": 473.27874997904473
    },
    {
      "frontend": "statistical",
      "n_rows": 7,
      "n_cols": 10,
      "nnz": 70,
      "density": 1.0,
      "mem_H_dense_bytes": 560,
      "mem_H_csr_bytes": 872,
      "mem_b_offset_bytes": 56,
      "mem_x_clean_bytes": 80,
      "mem_framework_bytes": 1008,
      "mem_tmr_bytes": 240,
      "mem_ratio_framework_to_tmr": 4.2,
      "t_syndrome_us": 5.022835000261239,
      "t_omp_k1_median_us": 98.25199998658718,
      "t_omp_k1_p95_us": 180.1794999778395,
      "t_omp_k5_median_us": 302.28400001419686,
      "t_omp_k5_p95_us": 476.264200014498
    },
    {
      "frontend": "nonlinear",
      "n_rows": 556,
      "n_cols": 465,
      "nnz": 738,
      "density": 0.002854490601067533,
      "mem_H_dense_bytes": 2068320,
      "mem_H_csr_bytes": 11084,
      "mem_b_offset_bytes": 4448,
      "mem_x_clean_bytes": 3720,
      "mem_framework_bytes": 19252,
      "mem_tmr_bytes": 11160,
      "mem_ratio_framework_to_tmr": 1.725089605734767,
      "t_syndrome_us": 7.316514999899937,
      "t_omp_k1_median_us": 782.350999998016,
      "t_omp_k1_p95_us": 1840.83225003633,
      "t_omp_k5_median_us": 1704.1215000119792,
      "t_omp_k5_p95_us": 2205.5454999900803
    }
  ]
}